Month,BOP_AV,BOP_BB,Lives,Mortality,Lapse,PWD,RiderCharges,SurrCharges,Interest,EOP_AV,Expenses,AgentComm,IMOOverride,WholesalerOverride,BonusComp,Chargebacks,HedgeGains,NetCashflow
1,100000000.00,130000000.00,806.57314264,47171.86,0.00,46323.02,0.00,0.00,56555.78,99963060.90,20825.64,6785771.95,2562281.97,341637.60,0.00,4260.03,1127.56,90223337.18
2,99963060.90,129938673.06,806.00335317,47073.50,17610.82,46293.63,0.00,1741.73,56630.85,99906972.07,20813.95,0.00,0.00,0.00,0.00,6124.98,1605.32,-102464.84
3,99906972.07,129852326.31,805.43442346,46972.98,17611.57,46258.77,0.00,1741.80,56695.14,99851082.09,20802.31,0.00,0.00,0.00,0.00,6116.06,1620.37,-102273.33
4,99851082.09,129766113.21,804.86635134,46872.76,17612.49,46224.04,0.00,1741.89,56759.55,99795390.46,20790.71,0.00,0.00,0.00,0.00,6107.15,1635.55,-102082.40
5,99795390.46,129680033.43,804.29913466,46772.85,17613.58,46189.42,0.00,1742.00,56824.10,99739896.71,20779.15,0.00,0.00,0.00,0.00,6098.27,1650.89,-101892.05
6,99739896.71,129594086.65,803.73277126,46673.24,17614.84,46154.92,0.00,1742.13,56888.77,99684600.35,20767.63,0.00,0.00,0.00,0.00,6089.41,1666.37,-101702.27
7,99684600.35,129508272.55,803.16725899,46573.93,17616.28,46120.54,0.00,1742.27,56953.57,99629500.89,20756.15,0.00,0.00,0.00,0.00,3040.28,1682.00,-104553.35
8,99629500.89,129422590.80,802.60259571,46474.93,17617.89,46086.28,0.00,1742.43,57018.51,99574597.86,20744.71,0.00,0.00,0.00,0.00,3035.87,1697.78,-104360.29
9,99574597.86,129337041.09,802.03877928,46376.23,17619.68,46052.14,0.00,1742.61,57083.57,99519890.77,20733.31,0.00,0.00,0.00,0.00,3031.47,1713.71,-104167.81
10,99519890.77,129251623.09,801.47580757,46277.83,17621.64,46018.12,0.00,1742.80,57148.76,99465379.14,20721.95,0.00,0.00,0.00,0.00,3027.08,1729.80,-103975.90
11,99465379.14,129166336.48,800.91367846,46179.73,17623.78,45984.22,0.00,1743.01,57214.09,99411062.49,20710.64,0.00,0.00,0.00,0.00,3022.70,1746.04,-103784.55
12,99411062.49,129081180.95,800.35238983,46052.52,17617.65,45950.44,730731.37,1742.41,57279.54,98626247.64,20547.13,0.00,0.00,0.00,0.00,3018.33,21629.57,699461.53
13,98626247.64,138255381.34,799.62865382,52455.49,29898.19,146026.48,0.00,2795.29,2831773.77,101226845.96,21088.93,0.00,0.00,0.00,478254.16,0.00,350839.60,-353929.28
14,101226845.96,138034346.77,798.94088704,52279.58,26421.79,145881.97,0.00,2470.27,56916.02,101056708.36,21053.48,0.00,0.00,0.00,0.00,0.00,3824.15,-218547.35
15,101056708.36,137818882.61,798.24215041,52104.82,27592.79,145739.64,0.00,2579.75,56916.21,100885607.57,21017.83,0.00,0.00,0.00,0.00,0.00,3901.85,-219450.06
16,100885607.57,137602069.87,797.54453928,51930.36,27560.47,145596.73,0.00,2576.73,56916.40,100714859.68,20982.26,0.00,0.00,0.00,0.00,0.00,3937.40,-218894.79
17,100714859.68,137385698.93,796.84805078,51756.52,27528.49,145454.26,0.00,2573.74,56916.59,100544463.24,20946.76,0.00,0.00,0.00,0.00,0.00,3973.28,-218341.15
18,100544463.24,137169768.72,796.15268205,51583.29,27496.87,145312.25,0.00,2570.78,56916.78,100374416.83,20911.34,0.00,0.00,0.00,0.00,0.00,4009.50,-217789.14
19,100374416.83,136954278.13,795.45843020,51410.66,27465.60,145170.68,0.00,2567.86,56916.98,100204719.00,20875.98,0.00,0.00,0.00,0.00,0.00,4046.06,-217238.73
20,100204719.00,136739226.10,794.76529240,51238.64,27434.69,145029.56,0.00,2564.97,56917.17,100035368.31,20840.70,0.00,0.00,0.00,0.00,0.00,4082.96,-216689.92
21,100035368.31,136524611.54,794.07326579,51067.22,27404.13,144888.89,0.00,2562.11,56917.37,99866363.32,20805.49,0.00,0.00,0.00,0.00,0.00,4120.21,-216142.69
22,99866363.32,136310433.36,793.38234751,50896.40,27373.93,144748.66,0.00,2559.29,56917.56,99697702.61,20770.35,0.00,0.00,0.00,0.00,0.00,4157.81,-215597.04
23,99697702.61,136096690.50,792.69253472,50726.17,27344.08,144608.87,0.00,2556.50,56917.76,99529384.74,20735.29,0.00,0.00,0.00,0.00,0.00,4195.76,-215052.96
24,99529384.74,135883381.88,792.00382458,50505.38,27289.39,144398.64,805105.96,2551.39,56917.95,98556451.93,20532.59,0.00,0.00,0.00,0.00,0.00,26133.49,635712.00
25,98556451.93,144449220.64,791.08242804,57599.88,47100.62,195151.35,0.00,3874.08,2835973.95,101088699.95,21060.15,0.00,0.00,0.00,0.00,0.00,352888.01,55724.85
26,101088699.95,144131576.98,790.21479887,57362.09,41696.10,194868.83,0.00,3429.55,56412.20,100847755.59,21009.95,0.00,0.00,0.00,0.00,0.00,5265.14,-285258.65
27,100847755.59,143822918.96,789.32932880,57126.21,43607.74,194590.57,0.00,3586.78,56372.50,100605216.79,20959.42,0.00,0.00,0.00,0.00,0.00,5380.31,-286781.37
28,100605216.79,143512009.36,788.44542894,56890.69,43525.57,194311.02,0.00,3580.03,56332.77,100363242.26,20909.01,0.00,0.00,0.00,0.00,0.00,5426.20,-285841.62
29,100363242.26,143201906.00,787.56309503,56656.10,43444.11,194032.39,0.00,3573.33,56293.00,100121829.32,20858.71,0.00,0.00,0.00,0.00,0.00,5472.49,-284905.29
30,100121829.32,142892606.57,786.68232285,56422.46,43363.37,193754.69,0.00,3566.68,56253.20,99880975.33,20808.54,0.00,0.00,0.00,0.00,0.00,5519.19,-283972.36
31,99880975.33,142584108.80,785.80310816,56189.74,43283.33,193477.89,0.00,3560.10,56213.36,99640677.62,20758.47,0.00,0.00,0.00,0.00,0.00,5566.31,-283042.81
32,99640677.62,142276410.38,784.92544672,55957.96,43204.00,193202.01,0.00,3553.58,56173.49,99400933.57,20708.53,0.00,0.00,0.00,0.00,0.00,5613.84,-282116.61
33,99400933.57,141969509.04,784.04933431,55727.09,43125.39,192927.05,0.00,3547.11,56133.58,99161740.51,20658.70,0.00,0.00,0.00,0.00,0.00,5661.79,-281193.75
34,99161740.51,141663402.49,783.17476666,55497.14,43047.50,192652.99,0.00,3540.70,56093.63,98923095.82,20608.98,0.00,0.00,0.00,0.00,0.00,5710.17,-280274.20
35,98923095.82,141358088.47,782.30173956,55268.10,42970.32,192379.83,0.00,3534.35,56053.65,98684996.87,20559.37,0.00,0.00,0.00,0.00,0.00,5758.98,-279357.94
36,98684996.87,141053564.70,781.43024873,54969.79,42841.79,191968.97,850701.65,3523.78,56013.62,97597004.51,20332.71,0.00,0.00,0.00,0.00,0.00,28953.32,597842.34
37,97597004.51,149145529.83,780.22197552,62875.59,73889.70,251054.34,0.00,5263.70,2814203.36,100018124.54,20837.11,0.00,0.00,0.00,0.00,0.00,351942.07,-29933.52
38,100018124.54,148716036.51,779.09496318,62554.83,65448.89,250556.94,0.00,4662.40,55384.77,99690286.25,20768.81,0.00,0.00,0.00,0.00,0.00,6832.51,-364415.76
39,99690286.25,148300964.16,777.93930441,62237.48,68529.02,250069.10,0.00,4881.82,55295.94,99359864.77,20699.97,0.00,0.00,0.00,0.00,0.00,6999.35,-366984.79
40,99359864.77,147882122.90,776.78609403,61920.45,68333.64,249578.35,0.00,4867.90,55207.08,99030371.50,20631.33,0.00,0.00,0.00,0.00,0.00,7053.24,-365419.72
41,99030371.50,147464672.78,775.63532487,61604.88,68139.84,249089.51,0.00,4854.10,55118.19,98701801.37,20562.88,0.00,0.00,0.00,0.00,0.00,7107.56,-363862.03
42,98701801.37,147048609.04,774.48698973,61290.77,67947.63,248602.56,0.00,4840.40,55029.28,98374149.29,20494.61,0.00,0.00,0.00,0.00,0.00,7162.33,-362311.67
43,98374149.29,146633926.96,773.34108142,60978.11,67756.99,248117.50,0.00,4826.82,54940.34,98047410.21,20426.54,0.00,0.00,0.00,0.00,0.00,7217.55,-360768.60
44,98047410.21,146220621.82,772.19759270,60666.89,67567.94,247634.32,0.00,4813.36,54851.37,97721579.07,20358.66,0.00,0.00,0.00,0.00,0.00,7273.21,-359232.76
45,97721579.07,145808688.90,771.05651632,60357.10,67380.47,247153.01,0.00,4800.00,54762.37,97396650.86,20290.97,0.00,0.00,0.00,0.00,0.00,7329.33,-357704.12
46,97396650.86,145398123.51,769.91784502,60048.74,67194.58,246673.57,0.00,4786.76,54673.34,97072620.55,20223.46,0.00,0.00,0.00,0.00,0.00,7385.91,-356182.62
47,97072620.55,144988920.95,768.78157146,59741.79,67010.27,246196.00,0.00,4773.63,54584.27,96749483.12,20156.14,0.00,0.00,0.00,0.00,0.00,7442.95,-354668.23
48,96749483.12,144581076.54,767.64768833,59344.90,66726.81,245498.43,907340.28,4753.44,54495.18,95520314.45,19900.07,0.00,0.00,0.00,0.00,0.00,32197.93,547343.92
49,95520314.45,152009266.07,766.34513842,67894.70,80494.57,269945.55,0.00,4865.21,2759887.59,97857002.00,20386.88,0.00,0.00,0.00,0.00,0.00,345573.90,-50802.59
50,97857002.00,151556816.59,765.12837533,67514.59,71413.78,269401.81,0.00,4316.36,53764.20,97498119.66,20312.11,0.00,0.00,0.00,0.00,0.00,6952.29,-377726.03
51,97498119.66,151120241.58,763.88004795,67138.68,74889.98,268869.37,0.00,4526.47,53656.82,97136351.98,20236.74,0.00,0.00,0.00,0.00,0.00,7131.60,-380795.63
52,97136351.98,150679235.73,762.63469243,66763.12,74649.52,268333.37,0.00,4511.93,53549.43,96775643.47,20161.59,0.00,0.00,0.00,0.00,0.00,7183.91,-379066.09
53,96775643.47,150239790.38,761.39229843,66389.38,74411.24,267799.64,0.00,4497.53,53442.04,96415987.72,20086.66,0.00,0.00,0.00,0.00,0.00,7236.65,-377345.52
54,96415987.72,149801899.72,760.15284212,66017.45,74176.33,267268.16,0.00,4483.33,53334.63,96057377.07,20011.95,0.00,0.00,0.00,0.00,0.00,7289.80,-375634.14
55,96057377.07,149365555.36,758.91629814,65647.33,73944.76,266738.92,0.00,4469.34,53227.21,95699803.93,19937.46,0.00,0.00,0.00,0.00,0.00,7343.40,-373931.74
56,95699803.93,148930748.90,757.68265333,65278.99,73715.53,266211.89,0.00,4455.48,53119.78,95343261.82,19863.18,0.00,0.00,0.00,0.00,0.00,7397.44,-372238.12
57,95343261.82,148497474.11,756.45184267,64912.42,73493.23,265687.05,0.00,4442.05,53012.32,94987739.41,19789.11,0.00,0.00,0.00,0.00,0.00,7452.09,-370556.30
58,94987739.41,148065714.68,755.22384453,64547.60,73273.92,265164.34,0.00,4428.79,52904.85,94633229.61,19715.26,0.00,0.00,0.00,0.00,0.00,7507.20,-368883.45
59,94633229.61,147635462.70,753.99862985,64184.53,73058.28,264643.74,0.00,4415.76,52797.36,94279724.66,19641.61,0.00,0.00,0.00,0.00,0.00,7562.75,-367219.38
60,94279724.66,147206708.76,752.77618353,63720.57,72731.28,263905.90,965165.25,4395.99,52689.85,92962495.51,19367.19,0.00,0.00,0.00,0.00,0.00,33909.11,554858.60
61,92962495.51,154037718.73,751.36929752,72901.95,87901.73,292339.04,0.00,4382.84,2691264.65,95196234.60,19832.55,0.00,0.00,0.00,0.00,0.00,337463.73,-76138.65
62,95196234.60,153562236.60,750.05252842,72448.70,78181.02,291736.91,0.00,3898.16,51883.22,94801853.04,19750.39,0.00,0.00,0.00,0.00,0.00,7070.49,-393622.60
63,94801853.04,153104058.23,748.70137452,72000.66,82062.43,291147.32,0.00,4091.69,51754.46,94404305.39,19667.56,0.00,0.00,0.00,0.00,0.00,7261.85,-397242.38
64,94404305.39,152640781.53,747.35363214,71553.06,81783.09,290553.79,0.00,4077.77,51625.71,94007963.41,19584.99,0.00,0.00,0.00,0.00,0.00,7312.38,-395318.39
65,94007963.41,152179221.33,746.00926574,71107.75,81508.32,289962.78,0.00,4064.07,51496.98,93612817.47,19502.67,0.00,0.00,0.00,0.00,0.00,7363.33,-393405.51
66,93612817.47,151719366.11,744.66823307,70664.71,81238.69,289374.26,0.00,4050.63,51368.25,93218857.42,19420.60,0.00,0.00,0.00,0.00,0.00,7414.77,-391503.84
67,93218857.42,151261203.09,743.33051490,70223.94,80971.95,288788.18,0.00,4037.33,51239.52,92826075.54,19338.77,0.00,0.00,0.00,0.00,0.00,7466.62,-389612.43
68,92826075.54,150804724.16,741.99607257,69785.41,80709.96,288204.52,0.00,4024.27,51110.80,92434462.18,19257.18,0.00,0.00,0.00,0.00,0.00,7518.93,-387732.04
69,92434462.18,150349917.26,740.66486665,69349.10,80452.70,287623.25,0.00,4011.44,50982.08,92044007.77,19175.83,0.00,0.00,0.00,0.00,0.00,7571.72,-385862.41
70,92044007.77,149896770.25,739.33685368,68915.01,80200.59,287044.32,0.00,3998.87,50853.36,91654702.34,19094.73,0.00,0.00,0.00,0.00,0.00,7625.02,-384003.30
71,91654702.34,149445269.94,738.01202000,68483.11,79950.70,286467.70,0.00,3986.41,50724.63,91266539.05,19013.86,0.00,0.00,0.00,0.00,0.00,7678.72,-382154.03
72,91266539.05,148995409.37,736.69033571,67938.26,79575.23,285677.48,1025304.30,3967.69,50595.91,89854671.99,18719.72,0.00,0.00,0.00,0.00,0.00,35685.63,557260.55
73,89854671.99,155208809.87,735.16617007,77777.58,96228.23,318477.99,0.00,3800.17,2606272.29,91964660.30,19159.30,0.00,0.00,0.00,0.00,0.00,327355.06,-106783.58
74,91964660.30,154710034.21,733.73712514,77235.40,85788.61,317800.69,0.00,3387.90,49706.11,91530153.81,19068.78,0.00,0.00,0.00,0.00,0.00,7180.11,-412602.25
75,91530153.81,154230125.23,732.27064048,76699.75,90112.77,317137.73,0.00,3558.67,49552.98,91092197.88,18977.54,0.00,0.00,0.00,0.00,0.00,7384.28,-416863.43
76,91092197.88,153744381.14,730.80820090,76164.68,89773.09,316470.33,0.00,3545.26,49399.91,90655644.43,18886.59,0.00,0.00,0.00,0.00,0.00,7432.05,-414682.83
77,90655644.43,153260546.39,729.34974175,75632.53,89441.06,315805.88,0.00,3532.15,49246.89,90220479.69,18795.93,0.00,0.00,0.00,0.00,0.00,7480.28,-412516.64
78,90220479.69,152778602.61,727.89524759,75103.29,89111.80,315144.31,0.00,3519.15,49093.91,89786695.06,18705.56,0.00,0.00,0.00,0.00,0.00,7528.84,-410363.27
79,89786695.06,152298541.78,726.44467071,74576.93,88788.66,314485.61,0.00,3506.39,48940.98,89354278.45,18615.47,0.00,0.00,0.00,0.00,0.00,7577.85,-408223.47
80,89354278.45,151820348.66,724.99796537,74053.44,88471.25,313829.72,0.00,3493.86,48788.10,88923218.27,18525.67,0.00,0.00,0.00,0.00,0.00,7627.29,-406096.71
81,88923218.27,151344008.72,723.55510928,73532.78,88157.07,313176.60,0.00,3481.45,48635.25,88493505.62,18436.15,0.00,0.00,0.00,0.00,0.00,7677.09,-403982.41
82,88493505.62,150869512.70,722.11608699,73014.95,87845.47,312526.22,0.00,3469.15,48482.44,88065132.26,18346.90,0.00,0.00,0.00,0.00,0.00,7727.24,-401880.47
83,88065132.26,150396852.65,720.68082849,72499.92,87542.12,311878.57,0.00,3457.17,48329.66,87638084.14,18257.93,0.00,0.00,0.00,0.00,0.00,7777.92,-399793.28
84,87638084.14,149926008.52,719.24931119,71858.94,87094.01,311022.46,1088143.98,3439.48,48176.92,86124702.19,17942.65,0.00,0.00,0.00,0.00,0.00,37526.87,554918.79
85,86124702.19,155500620.15,717.59371460,82543.79,105247.52,348705.49,0.00,3086.49,2502747.73,88087866.64,18351.64,0.00,0.00,0.00,0.00,0.00,314978.99,-143281.69
86,88087866.64,154977995.11,716.03867699,81891.39,94043.29,347931.41,0.00,2757.91,47196.07,87608438.71,18251.76,0.00,0.00,0.00,0.00,0.00,7277.56,-434963.41
87,87608438.71,154475879.03,714.44297987,81247.26,98838.83,347173.85,0.00,2898.55,47015.43,87125295.65,18151.10,0.00,0.00,0.00,0.00,0.00,7494.70,-439939.91
88,87125295.65,153967137.92,712.85214044,80603.93,98420.28,346411.27,0.00,2886.28,46834.90,86643808.80,18050.79,0.00,0.00,0.00,0.00,0.00,7538.59,-437434.54
89,86643808.80,153460532.87,711.26613283,79964.39,98005.76,345652.20,0.00,2874.13,46654.49,86163966.82,17950.83,0.00,0.00,0.00,0.00,0.00,7582.75,-434945.73
90,86163966.82,152956052.99,709.68492326,79328.61,97596.17,344896.61,0.00,2862.12,46474.19,85685757.49,17851.20,0.00,0.00,0.00,0.00,0.00,7627.20,-432473.42
91,85685757.49,152453685.50,708.10842890,78696.58,97196.80,344144.48,0.00,2850.41,46294.00,85209163.23,17751.91,0.00,0.00,0.00,0.00,0.00,7672.17,-430020.63
92,85209163.23,151953406.32,706.53662204,78068.25,96801.55,343395.70,0.00,2838.82,46113.91,84734172.83,17652.95,0.00,0.00,0.00,0.00,0.00,7717.44,-427584.13
93,84734172.83,151455204.03,704.96943141,77443.59,96415.34,342650.25,0.00,2827.50,45933.93,84260770.07,17554.33,0.00,0.00,0.00,0.00,0.00,7763.15,-425165.61
94,84260770.07,150959056.74,703.40681377,76822.59,96034.74,341908.05,0.00,2816.34,45754.05,83788942.40,17456.03,0.00,0.00,0.00,0.00,0.00,7809.22,-422763.33
95,83788942.40,150464949.66,701.84872737,76205.20,95659.45,341169.05,0.00,2805.34,45574.25,83318677.62,17358.06,0.00,0.00,0.00,0.00,0.00,7855.63,-420376.74
96,83318677.62,149972868.43,700.29510958,75447.21,95121.80,340228.18,1153214.04,2789.57,45394.55,81697271.37,17020.26,0.00,0.00,0.00,0.00,0.00,39420.54,547722.03
97,81697271.37,154889685.75,698.51168151,86470.87,112795.47,396695.19,0.00,2183.67,2377952.95,83477079.11,17391.06,0.00,0.00,0.00,0.00,0.00,299913.27,-206451.03
98,83477079.11,154352334.45,696.83310834,85682.18,101004.77,395791.46,0.00,1955.41,44298.96,82936944.26,17278.53,0.00,0.00,0.00,0.00,0.00,7215.80,-481551.19
99,82936944.26,153836780.21,695.11151839,84903.94,106142.97,394907.77,0.00,2054.89,44081.07,82393015.76,17165.21,0.00,0.00,0.00,0.00,0.00,7439.70,-487021.91
100,82393015.76,153313978.76,693.39593492,84126.92,105597.57,394018.34,0.00,2044.33,43863.41,81851092.00,17052.31,0.00,0.00,0.00,0.00,0.00,7476.31,-484040.02
101,81851092.00,152793576.35,691.68630126,83354.89,105060.46,393133.34,0.00,2033.94,43645.96,81311155.34,16939.82,0.00,0.00,0.00,0.00,0.00,7513.18,-481082.34
102,81311155.34,152275553.75,689.98253271,82587.79,104534.87,392252.73,0.00,2023.77,43428.73,80773184.92,16827.75,0.00,0.00,0.00,0.00,0.00,7550.43,-478150.29
103,80773184.92,151759884.72,688.28459628,81825.59,104014.50,391376.39,0.00,2013.70,43211.70,80237166.44,16716.08,0.00,0.00,0.00,0.00,0.00,7587.88,-475240.43
104,80237166.44,151246556.02,686.59243243,81068.24,103502.00,390504.31,0.00,2003.78,42994.88,79703082.99,16604.81,0.00,0.00,0.00,0.00,0.00,7625.65,-472352.79
105,79703082.99,150735548.80,684.90597333,80315.70,102998.31,389636.41,0.00,1994.03,42778.25,79170916.78,16493.94,0.00,0.00,0.00,0.00,0.00,7663.78,-469487.86
106,79170916.78,150226842.09,683.22516932,79567.93,102501.41,388772.61,0.00,1984.41,42561.82,78640652.24,16383.47,0.00,0.00,0.00,0.00,0.00,7702.20,-466645.05
107,78640652.24,149720418.91,681.54999496,78824.89,102008.58,387912.86,0.00,1974.87,42345.58,78112276.62,16273.39,0.00,0.00,0.00,0.00,0.00,7740.82,-463823.51
108,78112276.62,149216267.90,679.88033797,77928.01,101338.89,386865.73,1251462.48,1961.91,42129.54,76334849.14,15903.09,0.00,0.00,0.00,0.00,0.00,42058.09,570298.22
109,76334849.14,153322935.46,677.95561422,89909.69,119701.57,444946.03,0.00,1147.29,2225645.10,77904789.67,16230.16,0.00,0.00,0.00,0.00,0.00,281448.75,-267630.72
110,77904789.67,152769035.38,676.13922002,88954.42,107470.41,443878.78,0.00,1030.06,40902.58,77304358.58,16105.07,0.00,0.00,0.00,0.00,0.00,7133.60,-522709.03
111,77304358.58,152237960.79,674.27780364,88012.32,112905.66,442834.57,0.00,1082.16,40646.80,76700170.67,15979.20,0.00,0.00,0.00,0.00,0.00,7361.49,-528686.79
112,76700170.67,151699099.04,672.42379576,87072.16,112213.76,441783.94,0.00,1075.53,40391.38,76098416.67,15853.84,0.00,0.00,0.00,0.00,0.00,7389.27,-525153.32
113,76098416.67,151162945.39,670.57715560,86138.59,111528.63,440738.92,0.00,1068.97,40136.32,75499077.88,15728.97,0.00,0.00,0.00,0.00,0.00,7417.18,-521650.60
114,75499077.88,150629484.12,668.73782294,85211.56,110852.12,439699.47,0.00,1062.48,39881.60,74902133.85,15604.61,0.00,0.00,0.00,0.00,0.00,7445.25,-518178.44
115,74902133.85,150098695.60,666.90569700,84290.99,110188.90,438665.53,0.00,1056.13,39627.24,74307559.54,15480.74,0.00,0.00,0.00,0.00,0.00,7473.67,-514738.15
116,74307559.54,149570550.30,665.08072044,83376.83,109534.02,437636.96,0.00,1049.85,39373.23,73715335.10,15357.36,0.00,0.00,0.00,0.00,0.00,7502.28,-511328.21
117,73715335.10,149045028.70,663.26279233,82469.01,108892.66,436613.71,0.00,1043.71,39119.55,73125435.57,15234.47,0.00,0.00,0.00,0.00,0.00,7531.25,-507952.46
118,73125435.57,148522100.41,661.45180986,81567.47,108264.59,435595.65,0.00,1037.69,38866.22,72537836.38,15112.05,0.00,0.00,0.00,0.00,0.00,7560.51,-504609.15
119,72537836.38,148001735.05,659.64755105,80672.16,107664.83,434582.65,0.00,1031.95,38613.21,71952498.01,14990.10,0.00,0.00,0.00,0.00,0.00,7590.59,-501322.92
120,71952498.01,147483870.78,657.84989246,79608.41,106866.15,433396.91,1336260.80,1024.29,38360.53,70033722.94,14590.36,0.00,0.00,0.00,0.00,0.00,44446.11,576629.13
121,70033722.94,150819657.27,636.23459932,91303.30,2520308.18,434683.87,0.00,0.00,2029043.72,69017696.75,14378.69,0.00,0.00,0.00,0.00,0.00,285216.21,-3449443.66
122,69017696.75,145832093.25,621.82856352,87160.85,1632822.66,426797.32,0.00,0.00,18069.13,66890778.33,13935.58,0.00,0.00,0.00,0.00,0.00,22891.47,-2395028.08
123,66890778.33,142466939.53,611.67566320,84203.21,1121650.87,421197.25,0.00,0.00,17556.59,65285477.34,13601.14,0.00,0.00,0.00,0.00,0.00,16698.58,-1711950.67
124,65285477.34,140062492.46,610.31060676,82055.38,61455.19,417270.65,0.00,0.00,17182.23,64747105.79,13488.98,0.00,0.00,0.00,0.00,0.00,2832.14,-404980.11
125,64747105.79,139625172.04,608.95052646,81130.82,61143.02,416361.71,0.00,0.00,17050.28,64210720.70,13377.23,0.00,0.00,0.00,0.00,0.00,2844.13,-402726.81
126,64210720.70,139189860.41,607.59538082,80219.93,60835.01,415456.67,0.00,0.00,16919.01,63677689.60,13266.19,0.00,0.00,0.00,0.00,0.00,2856.19,-400491.08
127,63677689.60,138756542.18,606.24551651,79318.85,60535.54,414555.47,0.00,0.00,16788.07,63147271.14,13155.68,0.00,0.00,0.00,0.00,0.00,2868.49,-398276.08
128,63147271.14,138325271.91,604.90046445,78423.98,60239.85,413658.53,0.00,0.00,16657.45,62618772.07,13045.58,0.00,0.00,0.00,0.00,0.00,2880.93,-396078.99
129,62618772.07,137895953.88,603.56013250,77535.25,59954.65,412765.28,0.00,0.00,16527.15,62092172.60,12935.87,0.00,0.00,0.00,0.00,0.00,2893.57,-393908.37
130,62092172.60,137468558.56,602.22447590,76652.63,59673.45,411875.60,0.00,0.00,16397.17,61567459.60,12826.55,0.00,0.00,0.00,0.00,0.00,2906.28,-391753.26
131,61567459.60,137043069.60,600.89346566,75779.46,59394.29,410989.45,0.00,0.00,16267.51,61045274.67,12717.77,0.00,0.00,0.00,0.00,0.00,2919.04,-389613.01
132,61045274.67,136619474.91,599.56725627,74749.56,59005.35,409960.70,1234475.17,0.00,16138.20,59291163.67,12352.33,0.00,0.00,0.00,0.00,0.00,20009.47,512815.30
133,59291163.67,136197797.56,597.17285185,84016.27,154390.31,540030.27,0.00,0.00,867959.39,59391450.58,12373.22,0.00,0.00,0.00,0.00,0.00,3546.63,-674979.92
134,59391450.58,135603280.82,594.81497876,82688.14,150536.92,538298.31,0.00,0.00,15428.48,58646589.23,12218.04,0.00,0.00,0.00,0.00,0.00,3584.71,-666294.00
135,58646589.23,135017207.48,592.43816840,81375.38,152766.18,536583.97,0.00,0.00,15242.80,57902865.26,12063.10,0.00,0.00,0.00,0.00,0.00,3646.76,-665177.61
136,57902865.26,134428541.35,590.07844295,80073.04,150912.10,534870.97,0.00,0.00,15058.92,57164588.59,11909.29,0.00,0.00,0.00,0.00,0.00,3642.26,-658706.59
137,57164588.59,133844516.49,587.73532463,78789.78,149080.86,533172.43,0.00,0.00,14875.92,56431958.36,11756.66,0.00,0.00,0.00,0.00,0.00,3637.68,-652330.67
138,56431958.36,133265009.22,585.40773872,77530.67,147275.72,531487.93,0.00,0.00,14693.92,55708025.94,11605.84,0.00,0.00,0.00,0.00,0.00,3633.13,-646057.85
139,55708025.94,132689802.07,583.10456473,76300.67,145504.68,529816.16,0.00,0.00,14513.91,54994375.69,11457.16,0.00,0.00,0.00,0.00,0.00,3628.75,-639889.86
140,54994375.69,132120686.41,580.81685526,75082.42,143791.31,528167.19,0.00,0.00,14334.74,54285035.65,11309.38,0.00,0.00,0.00,0.00,0.00,3624.61,-633840.52
141,54285035.65,131555828.86,578.54356423,73876.75,142136.21,526530.81,0.00,0.00,14156.35,53580291.37,11162.56,0.00,0.00,0.00,0.00,0.00,3620.39,-627908.05
142,53580291.37,130994990.54,576.28836549,72692.43,140509.10,524905.77,0.00,0.00,13978.70,52883393.91,11017.37,0.00,0.00,0.00,0.00,0.00,3616.11,-622066.45
143,52883393.91,130438917.08,574.04730622,71522.19,138902.36,523296.34,0.00,0.00,13804.28,52192811.99,10873.50,0.00,0.00,0.00,0.00,0.00,3612.00,-616311.94
144,52192811.99,129886783.56,571.82445810,70170.67,136959.16,521567.18,1357060.99,0.00,13632.91,50153381.43,10448.62,0.00,0.00,0.00,0.00,0.00,22635.56,549180.15
145,50153381.43,129339440.35,569.43183441,78780.66,139914.73,520725.60,0.00,0.00,735494.92,50185790.05,10455.37,0.00,0.00,0.00,0.00,0.00,3265.11,-617572.64
146,50185790.05,128758410.97,567.07881137,77455.90,135666.88,519004.64,0.00,0.00,12916.25,49503080.71,10313.14,0.00,0.00,0.00,0.00,0.00,3286.30,-608409.44
147,49503080.71,128186459.15,564.70863356,76148.94,137806.72,517306.06,0.00,0.00,12748.33,48822019.80,10171.25,0.00,0.00,0.00,0.00,0.00,3341.69,-607169.62
148,48822019.80,127612348.41,562.35489523,74865.65,136323.38,515609.75,0.00,0.00,12582.04,48155141.07,10032.32,0.00,0.00,0.00,0.00,0.00,3337.95,-601475.37
149,48155141.07,127042640.35,560.02625968,73601.93,134874.90,513925.98,0.00,0.00,12416.49,47494982.71,9894.79,0.00,0.00,0.00,0.00,0.00,3334.80,-595890.03
150,47494982.71,126479110.22,557.71326749,72352.81,133536.25,512263.79,0.00,0.00,12251.69,46839406.87,9758.21,0.00,0.00,0.00,0.00,0.00,3333.35,-590635.94
151,46839406.87,125919762.30,555.41338579,71119.05,132243.22,510613.17,0.00,0.00,12087.62,46189796.16,9622.87,0.00,0.00,0.00,0.00,0.00,3332.40,-585479.29
152,46189796.16,125364034.50,553.13154586,69911.23,130974.93,508970.99,0.00,0.00,11925.96,45549424.82,9489.46,0.00,0.00,0.00,0.00,0.00,3331.59,-580391.85
153,45549424.82,124812962.15,550.86576462,68720.75,129716.99,507342.74,0.00,0.00,11766.47,44914449.35,9357.18,0.00,0.00,0.00,0.00,0.00,3330.93,-575362.11
154,44914449.35,124266126.50,548.61366910,67548.00,128468.88,505726.78,0.00,0.00,11609.07,44284461.45,9225.93,0.00,0.00,0.00,0.00,0.00,3330.20,-570385.66
155,44284461.45,123723020.97,546.37709842,66397.80,127234.30,504120.32,0.00,0.00,11453.33,43662749.30,9096.41,0.00,0.00,0.00,0.00,0.00,3329.35,-565463.93
156,43662749.30,123184034.34,544.15644550,65069.51,125669.63,502401.61,1197364.21,0.00,11300.12,41851551.42,8719.07,0.00,0.00,0.00,0.00,0.00,20276.76,478222.05
157,41851551.42,122649227.82,541.80657444,73007.37,124624.14,501491.66,0.00,0.00,614827.48,41837404.48,8716.13,0.00,0.00,0.00,0.00,0.00,2965.66,-562991.33
158,41837404.48,122086948.50,539.48742595,71694.67,121572.57,499776.71,0.00,0.00,10674.36,41226822.13,8588.92,0.00,0.00,0.00,0.00,0.00,2996.43,-556137.50
159,41226822.13,121531574.78,537.16306201,70417.64,123451.22,498072.95,0.00,0.00,10528.15,40625524.04,8463.65,0.00,0.00,0.00,0.00,0.00,3043.93,-554492.85
160,40625524.04,120976696.40,534.85689779,69169.71,122227.67,496384.16,0.00,0.00,10382.64,40031849.62,8339.97,0.00,0.00,0.00,0.00,0.00,3041.32,-549463.77
161,40031849.62,120426508.92,532.56463796,67938.39,121014.41,494710.50,0.00,0.00,10238.21,39443240.87,8217.34,0.00,0.00,0.00,0.00,0.00,3039.00,-544491.56
162,39443240.87,119880047.78,530.28951820,66725.73,119814.62,493045.93,0.00,0.00,10094.80,38862563.14,8096.37,0.00,0.00,0.00,0.00,0.00,3036.60,-539577.26
163,38862563.14,119338009.36,528.03535049,65532.80,118630.10,491394.10,0.00,0.00,9954.77,38291461.39,7977.39,0.00,0.00,0.00,0.00,0.00,3034.21,-534722.51
164,38291461.39,118801236.42,525.79629141,64353.38,117455.27,489759.17,0.00,0.00,9816.36,37725024.05,7859.38,0.00,0.00,0.00,0.00,0.00,3031.82,-529926.43
165,37725024.05,118268433.01,523.57208036,63194.97,116295.11,488134.79,0.00,0.00,9679.41,37167684.70,7743.27,0.00,0.00,0.00,0.00,0.00,3029.33,-525190.32
166,37167684.70,117739560.50,521.36704482,62055.02,115146.18,486520.90,0.00,0.00,9544.21,36616447.50,7628.43,0.00,0.00,0.00,0.00,0.00,3026.96,-520508.43
167,36616447.50,117215601.18,519.17647010,60945.44,114011.63,484923.10,0.00,0.00,9410.55,36074105.48,7515.44,0.00,0.00,0.00,0.00,0.00,3024.55,-515889.32
168,36074105.48,116695467.60,517.00560307,59665.41,112573.93,483219.86,1018422.57,0.00,9277.53,34520925.03,7191.86,0.00,0.00,0.00,0.00,0.00,17499.27,411539.62
169,34520925.03,116180372.39,514.94826109,66829.51,79439.30,588209.00,0.00,0.00,506108.28,34409642.15,7168.68,0.00,0.00,0.00,0.00,0.00,2048.53,-593418.94
170,34409642.15,115724563.12,512.91477063,65450.81,77308.28,586209.13,0.00,0.00,8681.79,33809640.35,7043.68,0.00,0.00,0.00,0.00,0.00,2064.26,-587556.47
171,33809640.35,115273622.12,510.88437396,64095.23,77815.78,584224.82,0.00,0.00,8530.72,33215709.44,6919.94,0.00,0.00,0.00,0.00,0.00,2081.39,-583817.13
172,33215709.44,114824477.82,508.86952752,62755.04,76428.12,582255.66,0.00,0.00,8380.72,32628853.33,6797.68,0.00,0.00,0.00,0.00,0.00,2067.50,-578482.72
173,32628853.33,114378875.97,506.87436747,61452.06,75066.42,580301.44,0.00,0.00,8232.08,32052567.09,6677.62,0.00,0.00,0.00,0.00,0.00,2053.57,-573230.91
174,32052567.09,113937811.44,504.89933195,60174.11,73725.76,578367.22,0.00,0.00,8086.11,31482603.73,6558.88,0.00,0.00,0.00,0.00,0.00,2039.98,-568057.82
175,31482603.73,113501396.90,502.93924685,58911.77,72404.07,576455.45,0.00,0.00,7941.71,30917217.73,6441.09,0.00,0.00,0.00,0.00,0.00,2026.34,-562960.08
176,30917217.73,113068386.42,500.99648677,57670.12,71110.80,574558.01,0.00,0.00,7802.79,30359781.05,6324.95,0.00,0.00,0.00,0.00,0.00,2012.57,-557936.94
177,30359781.05,112639369.74,499.07003058,56452.79,69871.98,572678.26,0.00,0.00,7665.50,29807932.72,6209.99,0.00,0.00,0.00,0.00,0.00,1998.69,-553001.01
178,29807932.72,112214122.12,497.15872220,55264.43,68680.71,570814.67,0.00,0.00,7529.03,29265320.24,6096.94,0.00,0.00,0.00,0.00,0.00,1984.87,-548157.10
179,29265320.24,111792311.80,495.26773430,54104.14,67523.75,568966.02,0.00,0.00,7394.07,28735028.35,5986.46,0.00,0.00,0.00,0.00,0.00,1971.30,-543394.02
180,28735028.35,111375230.17,493.39559680,52786.43,66204.48,567086.75,1044888.40,0.00,7259.94,27164195.67,5659.21,0.00,0.00,0.00,0.00,0.00,16925.65,496614.85
181,27164195.67,110962551.38,491.36437427,58949.82,64718.99,565738.62,0.00,0.00,399285.04,27031735.74,5631.61,0.00,0.00,0.00,0.00,0.00,1752.97,-538447.66
182,27031735.74,110515071.90,489.36990525,57666.89,62291.43,563737.81,0.00,0.00,6718.28,26521541.16,5525.32,0.00,0.00,0.00,0.00,0.00,1753.96,-532318.46
183,26521541.16,110075472.05,487.37706993,56401.25,62835.39,561771.84,0.00,0.00,6594.54,26013967.30,5419.58,0.00,0.00,0.00,0.00,0.00,1767.34,-528776.51
184,26013967.30,109637261.92,485.40600855,55165.94,61756.64,559818.05,0.00,0.00,6471.47,25518162.24,5316.28,0.00,0.00,0.00,0.00,0.00,1753.95,-523998.55
185,25518162.24,109204121.73,483.45046253,53958.91,60723.87,557888.07,0.00,0.00,6349.06,25033129.80,5215.24,0.00,0.00,0.00,0.00,0.00,1741.30,-519314.22
186,25033129.80,108774492.14,481.51580261,52776.32,59760.97,555972.70,0.00,0.00,6227.32,24553086.91,5115.23,0.00,0.00,0.00,0.00,0.00,1729.86,-514753.70
187,24553086.91,108349748.27,479.59500131,51607.47,58832.36,554079.55,0.00,0.00,6106.22,24076323.95,5015.90,0.00,0.00,0.00,0.00,0.00,1718.90,-510288.81
188,24076323.95,107928140.85,477.68709912,50452.40,57978.88,552198.96,0.00,0.00,5986.33,23603199.66,4917.33,0.00,0.00,0.00,0.00,0.00,1708.96,-505990.12
189,23603199.66,107509459.36,475.79254393,49316.29,57147.15,550329.80,0.00,0.00,5870.63,23137390.97,4820.29,0.00,0.00,0.00,0.00,0.00,1699.05,-501756.96
190,23137390.97,107093820.55,473.91873562,48217.42,56381.45,548472.69,0.00,0.00,5763.33,22684333.75,4725.90,0.00,0.00,0.00,0.00,0.00,1689.88,-497645.24
191,22684333.75,106683156.79,472.06100174,47146.52,55624.98,546638.38,0.00,0.00,5656.63,22237261.66,4632.76,0.00,0.00,0.00,0.00,0.00,1680.88,-493587.48
192,22237261.66,106276214.32,470.21511187,45950.49,54730.91,544772.22,836866.69,0.00,5550.51,20966299.74,4367.98,0.00,0.00,0.00,0.00,0.00,13909.02,407643.97
193,20966299.74,105871956.09,468.22384611,50774.76,53757.10,543377.89,0.00,0.00,308849.85,20841485.25,4341.98,0.00,0.00,0.00,0.00,0.00,1496.12,-488712.36
194,20841485.25,105436558.98,466.25484083,49592.46,52363.54,541396.15,0.00,0.00,5120.50,20418110.09,4253.77,0.00,0.00,0.00,0.00,0.00,1507.23,-484111.96
195,20418110.09,105005698.39,464.28750146,48425.31,52779.64,539429.15,0.00,0.00,5016.89,19996581.40,4165.95,0.00,0.00,0.00,0.00,0.00,1516.85,-480579.19
196,19996581.40,104576059.24,462.33381436,47276.26,52051.36,537472.79,0.00,0.00,4919.40,19582841.81,4079.76,0.00,0.00,0.00,0.00,0.00,1507.64,-476416.39
197,19582841.81,104149477.60,460.39797249,46146.42,51331.64,535528.69,0.00,0.00,4823.36,19174289.92,3994.64,0.00,0.00,0.00,0.00,0.00,1498.32,-472302.98
198,19174289.92,103727071.30,458.48312987,45059.91,50630.19,533603.01,0.00,0.00,4728.48,18779521.24,3912.40,0.00,0.00,0.00,0.00,0.00,1488.98,-468260.32
199,18779521.24,103309599.30,456.58427603,44015.02,49954.81,531701.07,0.00,0.00,4634.91,18405476.58,3834.47,0.00,0.00,0.00,0.00,0.00,1480.11,-464327.61
200,18405476.58,102895731.36,454.71261615,42984.57,49286.23,529814.61,0.00,0.00,4541.90,18035179.70,3757.33,0.00,0.00,0.00,0.00,0.00,1471.82,-460440.46
201,18035179.70,102488520.42,452.85383622,41967.07,48623.19,527959.95,0.00,0.00,4449.45,17667518.88,3680.73,0.00,0.00,0.00,0.00,0.00,1463.47,-456644.93
202,17667518.88,102084184.42,451.00781470,40973.75,47968.56,526116.80,0.00,0.00,4360.49,17305048.11,3605.22,0.00,0.00,0.00,0.00,0.00,1455.02,-452892.99
203,17305048.11,101682695.04,449.17944224,40009.87,47323.78,524285.08,0.00,0.00,4276.53,16949057.68,3531.05,0.00,0.00,0.00,0.00,0.00,1446.46,-449185.54
204,16949057.68,101285199.31,447.36354173,38920.38,46549.27,522426.67,664938.54,0.00,4193.03,15932777.98,3319.33,0.00,0.00,0.00,0.00,0.00,11411.80,290434.13
205,15932777.98,100890483.85,445.37322447,43156.60,45755.88,521037.64,0.00,0.00,234933.34,15815307.73,3294.86,0.00,0.00,0.00,0.00,0.00,1287.53,-444230.94
206,15815307.73,100457435.04,443.41674335,42128.37,44546.74,519019.41,0.00,0.00,3865.08,15490789.48,3227.25,0.00,0.00,0.00,0.00,0.00,1295.06,-440033.95
207,15490789.48,100031980.75,441.47313277,41131.81,44983.23,517033.63,0.00,0.00,3792.47,15171966.76,3160.83,0.00,0.00,0.00,0.00,0.00,1303.62,-436790.33
208,15171966.76,99610175.16,439.54396828,40146.17,44373.82,515073.56,0.00,0.00,3720.29,14855609.03,3094.92,0.00,0.00,0.00,0.00,0.00,1295.20,-433025.27
209,14855609.03,99191560.79,437.62910253,39173.62,43769.90,513126.77,0.00,0.00,3648.55,14541691.98,3029.52,0.00,0.00,0.00,0.00,0.00,1286.68,-429303.36
210,14541691.98,98776103.97,435.72839004,38255.37,43178.44,511193.15,0.00,0.00,3577.25,14236322.90,2965.90,0.00,0.00,0.00,0.00,0.00,1278.08,-425650.14
211,14236322.90,98363771.49,433.85115475,37394.25,42599.90,509272.57,0.00,0.00,3506.37,13939943.36,2904.15,0.00,0.00,0.00,0.00,0.00,1270.21,-422065.48
212,13939943.36,97956647.05,431.98765038,36544.33,42026.61,507379.45,0.00,0.00,3435.92,13645883.46,2842.89,0.00,0.00,0.00,0.00,0.00,1263.16,-418534.27
213,13645883.46,97552551.09,430.14223485,35708.95,41464.11,505498.91,0.00,0.00,3365.89,13359075.10,2783.14,0.00,0.00,0.00,0.00,0.00,1256.02,-415045.95
214,13359075.10,97152620.46,428.31026355,34884.31,40906.55,503636.77,0.00,0.00,3296.28,13074376.68,2723.83,0.00,0.00,0.00,0.00,0.00,1248.97,-411599.56
215,13074376.68,96755652.62,426.49160158,34070.26,40353.88,501786.95,0.00,0.00,3227.08,12791768.20,2664.95,0.00,0.00,0.00,0.00,0.00,1241.84,-408190.58
216,12791768.20,96361616.86,424.68611572,33171.33,39703.56,499907.49,445535.01,0.00,3169.80,12080491.30,2516.77,0.00,0.00,0.00,0.00,0.00,8211.98,108669.40
217,12080491.30,95970482.83,422.71792447,37245.85,39189.06,498447.45,0.00,0.00,178398.51,12009224.66,2501.92,0.00,0.00,0.00,0.00,0.00,1111.48,-403519.95
218,12009224.66,95543797.02,420.77131987,36412.36,38140.73,496423.69,0.00,0.00,2950.96,11765102.41,2451.06,0.00,0.00,0.00,0.00,0.00,1119.66,-399880.04
219,11765102.41,95121422.56,418.83023587,35591.14,38572.67,494415.28,0.00,0.00,2895.43,11522018.49,2400.42,0.00,0.00,0.00,0.00,0.00,1128.71,-396999.92
220,11522018.49,94700962.61,416.90462509,34781.44,38060.66,492420.27,0.00,0.00,2842.96,11283246.27,2350.68,0.00,0.00,0.00,0.00,0.00,1122.31,-393676.99
221,11283246.27,94283883.44,414.99878801,33985.56,37556.57,490439.91,0.00,0.00,2793.83,11049013.72,2301.88,0.00,0.00,0.00,0.00,0.00,1115.86,-390394.15
222,11049013.72,93871219.18,413.10807235,33201.23,37057.40,488479.65,0.00,0.00,2745.08,10816697.37,2253.48,0.00,0.00,0.00,0.00,0.00,1109.36,-387152.23
223,10816697.37,93461856.87,411.23231190,32428.28,36563.08,486533.72,0.00,0.00,2696.70,10586276.47,2205.47,0.00,0.00,0.00,0.00,0.00,1102.81,-383947.02
224,10586276.47,93055759.36,409.37134276,31666.51,36073.55,484601.99,0.00,0.00,2648.69,10357730.58,2157.86,0.00,0.00,0.00,0.00,0.00,1096.21,-380777.96
225,10357730.58,92652890.06,407.52500326,30915.74,35588.76,482684.29,0.00,0.00,2601.04,10131039.55,2110.63,0.00,0.00,0.00,0.00,0.00,1089.55,-377644.51
226,10131039.55,92253212.86,405.69313394,30213.66,35136.85,480780.49,0.00,0.00,2553.75,9931044.65,2068.97,0.00,0.00,0.00,0.00,0.00,1082.84,-374692.09
227,9931044.65,91856692.18,403.90222258,29533.24,34697.85,478890.44,0.00,0.00,2506.82,9740172.46,2029.20,0.00,0.00,0.00,0.00,0.00,1077.25,-371814.83
228,9740172.46,91469791.20,402.12535758,28754.06,34157.96,477012.19,324861.64,0.00,2460.23,9226316.79,1922.15,0.00,0.00,0.00,0.00,0.00,5798.21,-71126.00
229,9226316.79,91085950.01,400.29379644,31753.55,20115.87,517238.39,0.00,0.00,135171.77,9139587.15,1904.08,0.00,0.00,0.00,0.00,0.00,691.43,-381269.72
230,9139587.15,90696100.13,398.48021164,30890.46,19489.95,515000.20,0.00,0.00,2255.04,8922223.69,1858.80,0.00,0.00,0.00,0.00,0.00,693.31,-378126.76
231,8922223.69,90309722.18,396.67739184,30044.62,19432.08,512780.60,0.00,0.00,2198.75,8710628.08,1814.71,0.00,0.00,0.00,0.00,0.00,690.92,-375219.20
232,8710628.08,89925898.31,394.90338265,29220.24,18928.80,510577.11,0.00,0.00,2142.97,8510994.39,1773.12,0.00,0.00,0.00,0.00,0.00,681.08,-372194.85
233,8510994.39,89548377.20,393.14525277,28409.39,18434.34,508408.12,0.00,0.00,2087.69,8313355.89,1731.95,0.00,0.00,0.00,0.00,0.00,671.55,-369238.67
234,8313355.89,89174061.04,391.40281493,27619.63,17949.17,506257.48,0.00,0.00,2033.46,8118173.58,1691.29,0.00,0.00,0.00,0.00,0.00,662.00,-366321.12
235,8118173.58,88802912.85,389.67631534,26843.32,17472.64,504124.98,0.00,0.00,1979.75,7924955.65,1651.03,0.00,0.00,0.00,0.00,0.00,652.44,-363441.28
236,7924955.65,88434976.47,387.96512671,26079.49,17004.59,502011.02,0.00,0.00,1926.50,7733630.05,1611.17,0.00,0.00,0.00,0.00,0.00,642.85,-360598.49
237,7733630.05,88070132.97,386.26906948,25348.84,16547.67,499914.77,0.00,0.00,1876.44,7546561.25,1572.20,0.00,0.00,0.00,0.00,0.00,633.25,-357795.25
238,7546561.25,87708346.90,384.59003076,24633.30,16107.40,497836.05,0.00,0.00,1827.24,7361681.55,1533.68,0.00,0.00,0.00,0.00,0.00,623.63,-355029.21
239,7361681.55,87350009.77,382.92543000,23929.02,15690.97,495777.68,0.00,0.00,1778.41,7178539.00,1495.53,0.00,0.00,0.00,0.00,0.00,614.00,-352303.00
240,7178539.00,86994602.91,381.27501419,23134.58,15240.81,493725.29,321734.41,0.00,1729.92,6677267.85,1391.10,0.00,0.00,0.00,0.00,0.00,5298.00,-81330.22
241,6677267.85,86642079.15,379.41178485,25607.74,14680.67,491830.35,0.00,0.00,98584.65,6598550.80,1374.70,0.00,0.00,0.00,0.00,0.00,545.62,-347706.83
242,6598550.80,86241792.67,377.57006223,24837.73,13949.00,489520.69,0.00,0.00,1567.85,6425001.99,1338.54,0.00,0.00,0.00,0.00,0.00,540.86,-344577.51
243,6425001.99,85845652.18,375.74067047,24102.54,13938.93,487234.26,0.00,0.00,1527.66,6254038.53,1302.92,0.00,0.00,0.00,0.00,0.00,537.04,-341766.37
244,6254038.53,85452394.81,373.92918844,23380.32,13564.06,484965.81,0.00,0.00,1487.76,6084874.51,1267.68,0.00,0.00,0.00,0.00,0.00,527.54,-338868.11
245,6084874.51,85062790.85,372.13433528,22670.03,13196.00,482718.72,0.00,0.00,1448.15,5917387.24,1232.79,0.00,0.00,0.00,0.00,0.00,518.06,-336008.61
246,5917387.24,84676598.23,370.35590202,22004.75,12838.46,480491.29,0.00,0.00,1408.83,5754865.44,1198.93,0.00,0.00,0.00,0.00,0.00,508.56,-333198.38
247,5754865.44,84293775.15,368.59920648,21397.07,12496.61,478283.27,0.00,0.00,1374.59,5601904.68,1167.06,0.00,0.00,0.00,0.00,0.00,499.69,-330445.21
248,5601904.68,83915411.70,366.86550768,20807.70,12165.89,476102.50,0.00,0.00,1345.42,5454583.85,1136.37,0.00,0.00,0.00,0.00,0.00,491.53,-327739.36
249,5454583.85,83541891.01,365.14737747,20227.56,11848.39,473950.04,0.00,0.00,1316.47,5308640.29,1105.97,0.00,0.00,0.00,0.00,0.00,483.47,-325078.74
250,5308640.29,83171571.86,363.44434787,19656.37,11558.06,471815.98,0.00,0.00,1287.75,5164033.37,1075.84,0.00,0.00,0.00,0.00,0.00,475.79,-322460.34
251,5164033.37,82804371.20,361.75595319,19136.99,11305.55,469699.78,0.00,0.00,1259.25,5029642.84,1047.84,0.00,0.00,0.00,0.00,0.00,468.48,-319942.61
252,5029642.84,82440204.38,360.09667321,18586.85,11044.69,467591.24,219741.20,0.00,1230.96,4686536.39,976.36,0.00,0.00,0.00,0.00,0.00,3837.99,-132289.29
253,4686536.39,82082164.35,358.23531904,20472.59,10729.05,465643.29,0.00,0.00,68843.79,4629481.84,964.48,0.00,0.00,0.00,0.00,0.00,418.97,-315555.76
254,4629481.84,81678622.71,356.39238722,19946.95,10423.12,463311.60,0.00,0.00,1132.27,4512022.81,940.00,0.00,0.00,0.00,0.00,0.00,420.50,-312894.24
255,4512022.81,81278793.11,354.56939971,19430.23,10414.06,461000.36,0.00,0.00,1111.25,4395664.27,915.76,0.00,0.00,0.00,0.00,0.00,418.51,-310316.53
256,4395664.27,80883469.95,352.76287876,18921.45,10215.56,458716.05,0.00,0.00,1090.45,4280389.60,891.75,0.00,0.00,0.00,0.00,0.00,413.40,-307744.05
257,4280389.60,80491603.46,350.97261355,18421.15,10019.31,456451.63,0.00,0.00,1069.85,4166185.09,867.96,0.00,0.00,0.00,0.00,0.00,408.26,-305201.61
258,4166185.09,80103150.27,349.19839666,17932.63,9826.92,454206.84,0.00,0.00,1049.47,4054483.72,844.68,0.00,0.00,0.00,0.00,0.00,403.09,-302696.38
259,4054483.72,79718067.75,347.45922479,17503.48,9660.98,451981.46,0.00,0.00,1029.28,3965154.55,826.07,0.00,0.00,0.00,0.00,0.00,397.99,-300332.45
260,3965154.55,79340594.45,345.73558242,17081.82,9497.00,449801.09,0.00,0.00,1009.30,3876695.35,807.64,0.00,0.00,0.00,0.00,0.00,394.16,-298067.12
261,3876695.35,78966383.20,344.02727259,16667.50,9334.96,447639.51,0.00,0.00,989.52,3789094.35,789.39,0.00,0.00,0.00,0.00,0.00,390.33,-295827.30
262,3789094.35,78595393.47,342.33410148,16260.39,9174.83,445496.47,0.00,0.00,969.94,3702339.99,771.32,0.00,0.00,0.00,0.00,0.00,386.49,-293612.57
263,3702339.99,78227585.40,340.65587837,15860.33,9016.57,443371.75,0.00,0.00,950.55,3616420.94,753.42,0.00,0.00,0.00,0.00,0.00,382.64,-291422.54
264,3616420.94,77862919.76,338.99241556,15391.24,8830.02,441256.54,139136.98,0.00,931.35,3392303.74,706.73,0.00,0.00,0.00,0.00,0.00,2581.66,-201694.28
265,3392303.74,77501357.90,337.10337578,17176.99,8635.98,439274.55,0.00,0.00,49265.73,3354250.73,698.80,0.00,0.00,0.00,0.00,0.00,347.32,-287561.84
266,3354250.73,77088727.90,335.23400753,16723.82,8389.01,436882.92,0.00,0.00,861.21,3271575.22,681.58,0.00,0.00,0.00,0.00,0.00,348.57,-285086.68
267,3271575.22,76680113.73,333.39660523,16297.07,8415.30,434513.84,0.00,0.00,842.14,3203929.01,667.49,0.00,0.00,0.00,0.00,0.00,347.18,-282725.37
268,3203929.01,76278618.74,331.57700222,15877.98,8276.98,432186.12,0.00,0.00,823.28,3137097.61,653.56,0.00,0.00,0.00,0.00,0.00,343.66,-280413.57
269,3137097.61,75880885.17,329.77495491,15467.01,8140.58,429880.29,0.00,0.00,804.62,3071068.30,639.81,0.00,0.00,0.00,0.00,0.00,340.14,-278130.50
270,3071068.30,75486862.83,327.99022396,15063.97,8006.07,427596.04,0.00,0.00,786.17,3005828.63,626.21,0.00,0.00,0.00,0.00,0.00,336.64,-275875.67
271,3005828.63,75096502.35,326.22257411,14668.70,7873.41,425333.10,0.00,0.00,767.92,2941366.40,612.78,0.00,0.00,0.00,0.00,0.00,333.15,-273648.59
272,2941366.40,74709755.20,324.47177416,14281.03,7742.58,423091.18,0.00,0.00,749.87,2877669.62,599.51,0.00,0.00,0.00,0.00,0.00,329.66,-271448.80
273,2877669.62,74326573.69,322.73759684,13900.79,7613.53,420870.02,0.00,0.00,732.02,2814726.55,586.40,0.00,0.00,0.00,0.00,0.00,326.19,-269275.83
274,2814726.55,73946910.91,321.01981879,13527.83,7486.25,418669.35,0.00,0.00,714.35,2752525.69,573.44,0.00,0.00,0.00,0.00,0.00,322.72,-267129.24
275,2752525.69,73570720.76,319.31822043,13162.00,7360.69,416488.89,0.00,0.00,696.88,2691055.75,560.64,0.00,0.00,0.00,0.00,0.00,319.25,-265008.57
276,2691055.75,73197957.90,317.63258589,12737.23,7211.36,414320.79,93442.00,0.00,679.59,2536962.63,528.53,0.00,0.00,0.00,0.00,0.00,1566.12,-224932.62
277,2536962.63,72828577.74,315.71163254,14114.64,7079.72,412270.68,0.00,0.00,37334.49,2511881.79,523.31,0.00,0.00,0.00,0.00,0.00,289.28,-261224.71
278,2511881.79,72405230.04,313.81170631,13701.66,6875.72,409810.60,0.00,0.00,615.95,2450980.82,510.62,0.00,0.00,0.00,0.00,0.00,290.06,-258814.48
279,2450980.82,71986250.29,311.92930902,13297.07,6892.88,407375.46,0.00,0.00,598.91,2390728.53,498.07,0.00,0.00,0.00,0.00,0.00,288.67,-256468.27
280,2390728.53,71571246.21,310.06623440,12900.23,6768.24,404964.68,0.00,0.00,582.08,2331256.32,485.68,0.00,0.00,0.00,0.00,0.00,284.96,-254135.80
281,2331256.32,71160374.63,308.22220668,12511.53,6645.43,402578.12,0.00,0.00,565.44,2272551.40,473.45,0.00,0.00,0.00,0.00,0.00,281.27,-251834.76
282,2272551.40,70753577.98,306.39695503,12130.79,6524.43,400215.47,0.00,0.00,549.00,2214601.24,461.38,0.00,0.00,0.00,0.00,0.00,277.58,-249564.60
283,2214601.24,70350799.72,304.59021344,11757.83,6405.21,397876.37,0.00,0.00,532.76,2157393.55,449.46,0.00,0.00,0.00,0.00,0.00,273.91,-247324.75
284,2157393.55,69951984.29,302.80172064,11392.47,6287.72,395560.52,0.00,0.00,516.70,2100916.32,437.69,0.00,0.00,0.00,0.00,0.00,270.25,-245114.66
285,2100916.32,69557077.10,301.03121996,11034.54,6171.93,393267.58,0.00,0.00,500.83,2045157.76,426.07,0.00,0.00,0.00,0.00,0.00,266.60,-242933.81
286,2045157.76,69166024.52,299.27845931,10683.88,6057.82,390997.26,0.00,0.00,485.15,1990106.32,414.61,0.00,0.00,0.00,0.00,0.00,262.96,-240781.66
287,1990106.32,68778773.83,297.54319101,10340.33,5945.36,388749.23,0.00,0.00,469.65,1935750.70,403.28,0.00,0.00,0.00,0.00,0.00,259.33,-238657.72
288,1935750.70,68395273.24,295.82517173,9951.82,5813.64,386516.54,85059.93,0.00,454.34,1797099.29,374.40,0.00,0.00,0.00,0.00,0.00,1409.58,-203205.54
289,1797099.29,68015471.86,293.90620935,10684.77,5684.55,384398.93,0.00,0.00,26841.24,1769454.06,368.64,0.00,0.00,0.00,0.00,0.00,229.81,-234696.24
290,1769454.06,67589579.66,292.00880635,10309.66,5506.43,381925.91,0.00,0.00,397.74,1716194.14,357.54,0.00,0.00,0.00,0.00,0.00,229.59,-232327.32
291,1716194.14,67168212.67,290.12987712,9942.57,5517.38,379478.95,0.00,0.00,382.81,1663547.87,346.57,0.00,0.00,0.00,0.00,0.00,227.85,-230015.69
292,1663547.87,66751025.48,288.27091861,9582.92,5406.99,377057.49,0.00,0.00,368.07,1611626.41,335.76,0.00,0.00,0.00,0.00,0.00,224.13,-227723.24
293,1611626.41,66338137.52,286.43163518,9231.04,5298.31,374661.32,0.00,0.00,353.52,1560417.46,325.09,0.00,0.00,0.00,0.00,0.00,220.42,-225463.09
294,1560417.46,65929486.91,284.61173677,8886.74,5191.31,372290.10,0.00,0.00,339.15,1509908.92,314.56,0.00,0.00,0.00,0.00,0.00,216.73,-223234.65
295,1509908.92,65525012.89,282.81093872,8552.67,5086.14,369943.45,0.00,0.00,325.16,1460248.95,304.22,0.00,0.00,0.00,0.00,0.00,213.05,-221037.43
296,1460248.95,65124655.80,281.02967515,8235.90,4983.25,367621.04,0.00,0.00,312.00,1411836.40,294.13,0.00,0.00,0.00,0.00,0.00,209.37,-218871.12
297,1411836.40,64728469.64,279.26693290,7925.68,4881.91,365323.34,0.00,0.00,298.98,1364063.41,284.18,0.00,0.00,0.00,0.00,0.00,205.71,-216734.81
298,1364063.41,64336280.32,277.52244363,7622.66,4782.20,363049.16,0.00,0.00,286.22,1317012.07,274.38,0.00,0.00,0.00,0.00,0.00,202.06,-214628.04
299,1317012.07,63948031.48,275.79821326,7344.37,4686.50,360798.16,0.00,0.00,276.10,1272760.76,265.16,0.00,0.00,0.00,0.00,0.00,198.42,-212553.15
300,1272760.76,63564033.53,274.09167342,7038.56,4575.99,358566.83,68929.36,0.00,266.07,1160203.83,241.71,0.00,0.00,0.00,0.00,0.00,1255.09,-182783.10
301,1160203.83,63183859.84,272.13503646,7655.78,4463.96,356448.88,0.00,0.00,17595.11,1134143.81,236.28,0.00,0.00,0.00,0.00,0.00,174.90,-208573.46
302,1134143.81,62746097.21,270.20541489,7359.10,4316.30,353908.33,0.00,0.00,235.87,1094570.60,228.04,0.00,0.00,0.00,0.00,0.00,173.67,-206230.74
303,1094570.60,62313927.33,268.29624662,7069.24,4329.19,351400.85,0.00,0.00,230.21,1055480.51,219.89,0.00,0.00,0.00,0.00,0.00,171.54,-203943.50
304,1055480.51,61886390.88,266.40873391,6785.69,4238.84,348921.48,0.00,0.00,224.62,1016968.12,211.87,0.00,0.00,0.00,0.00,0.00,167.72,-201681.19
305,1016968.12,61463568.07,264.54253666,6508.74,4150.00,346469.95,0.00,0.00,219.08,979022.89,203.96,0.00,0.00,0.00,0.00,0.00,163.93,-199453.30
306,979022.89,61045386.90,262.69732158,6238.23,4062.63,344045.83,0.00,0.00,213.59,941634.50,196.17,0.00,0.00,0.00,0.00,0.00,160.15,-197259.16
307,941634.50,60631776.77,260.87276197,5980.24,3977.07,341648.69,0.00,0.00,208.17,905106.17,188.56,0.00,0.00,0.00,0.00,0.00,156.39,-195098.50
308,905106.17,60222668.44,259.06999801,5752.04,3894.31,339278.13,0.00,0.00,202.80,870304.25,181.31,0.00,0.00,0.00,0.00,0.00,152.75,-192971.62
309,870304.25,59818225.95,257.28719678,5530.11,3813.84,336935.47,0.00,0.00,198.45,836816.49,174.34,0.00,0.00,0.00,0.00,0.00,149.55,-190876.78
310,836816.49,59418141.45,255.52683573,5315.71,3736.43,334618.51,0.00,0.00,195.94,805340.85,167.78,0.00,0.00,0.00,0.00,0.00,146.36,-188814.12
311,805340.85,59022805.08,253.78581763,5124.82,3662.53,332329.62,0.00,0.00,193.46,776259.87,161.72,0.00,0.00,0.00,0.00,0.00,143.17,-186789.19
312,776259.87,58631695.62,252.06899312,4949.86,3581.10,330060.60,36028.07,0.00,191.02,714824.17,148.92,0.00,0.00,0.00,0.00,0.00,860.22,-167882.80
313,714824.17,58245584.54,250.14214523,5366.62,3515.91,327898.87,0.00,0.00,10299.20,699196.70,145.67,0.00,0.00,0.00,0.00,0.00,125.26,-182854.14
314,699196.70,57810637.14,248.23888983,5189.57,3398.82,325381.98,0.00,0.00,184.43,673855.08,140.39,0.00,0.00,0.00,0.00,0.00,124.79,-180626.60
315,673855.08,57380800.81,246.35681996,5054.12,3424.87,322894.84,0.00,0.00,181.95,655836.19,136.63,0.00,0.00,0.00,0.00,0.00,123.94,-178475.15
316,655836.19,56955799.34,244.50595894,4932.45,3365.96,320436.83,0.00,0.00,179.52,640134.02,133.36,0.00,0.00,0.00,0.00,0.00,122.42,-176357.85
317,640134.02,56537231.48,242.67678289,4813.62,3308.07,318018.02,0.00,0.00,177.12,624650.49,130.14,0.00,0.00,0.00,0.00,0.00,121.14,-174285.32
318,624650.49,56123454.15,240.86894511,4697.58,3251.18,315627.44,0.00,0.00,174.76,609381.31,126.95,0.00,0.00,0.00,0.00,0.00,119.86,-172245.28
319,609381.31,55714392.67,239.08210591,4584.22,3195.28,313264.64,0.00,0.00,172.44,594322.29,123.82,0.00,0.00,0.00,0.00,0.00,118.60,-170237.11
320,594322.29,55309973.83,237.31593241,4473.49,3140.33,310929.19,0.00,0.00,170.16,579469.33,120.72,0.00,0.00,0.00,0.00,0.00,117.35,-168260.16
321,579469.33,54910125.83,235.57009841,4365.30,3086.32,308620.66,0.00,0.00,167.92,564818.47,117.67,0.00,0.00,0.00,0.00,0.00,116.11,-166313.81
322,564818.47,54514778.30,233.84428419,4259.59,3033.23,306338.64,0.00,0.00,165.71,550365.83,114.66,0.00,0.00,0.00,0.00,0.00,114.88,-164397.46
323,550365.83,54123862.24,232.13817640,4156.29,2981.04,304082.70,0.00,0.00,163.54,536107.62,111.69,0.00,0.00,0.00,0.00,0.00,113.66,-162510.53
324,536107.62,53737309.95,230.45146788,4039.24,2919.47,301848.10,4762.32,0.00,161.40,517747.68,107.86,0.00,0.00,0.00,0.00,0.00,277.06,-159886.09
325,517747.68,53355055.08,228.54238844,4599.14,2906.35,299708.70,0.00,0.00,7322.29,516312.41,107.57,0.00,0.00,0.00,0.00,0.00,103.60,-158884.52
326,516312.41,52920886.71,226.65806628,4494.86,2820.89,297202.91,0.00,0.00,155.66,507922.47,105.82,0.00,0.00,0.00,0.00,0.00,104.14,-156798.81
327,507922.47,52492143.23,224.79636071,4393.28,2848.25,294728.79,0.00,0.00,153.46,499626.29,104.09,0.00,0.00,0.00,0.00,0.00,104.38,-154758.18
328,499626.29,52068572.11,222.95798976,4294.06,2802.43,292285.70,0.00,0.00,151.30,491494.39,102.39,0.00,0.00,0.00,0.00,0.00,103.44,-152747.09
329,491494.39,51650191.65,221.14255651,4197.47,2757.52,289873.21,0.00,0.00,149.18,483522.80,100.73,0.00,0.00,0.00,0.00,0.00,102.52,-150770.13
330,483522.80,51236915.74,219.34967253,4103.45,2713.50,287490.83,0.00,0.00,147.10,475707.65,99.11,0.00,0.00,0.00,0.00,0.00,101.61,-148826.56
331,475707.65,50828660.06,217.57895775,4011.90,2670.33,285138.04,0.00,0.00,145.05,468045.20,97.51,0.00,0.00,0.00,0.00,0.00,100.72,-146915.70
332,468045.20,50425342.06,215.83004016,3922.76,2628.01,282814.34,0.00,0.00,143.04,460531.82,95.94,0.00,0.00,0.00,0.00,0.00,99.85,-145036.84
333,460531.82,50026880.90,214.10255565,3835.95,2586.51,280519.26,0.00,0.00,141.06,453163.96,94.41,0.00,0.00,0.00,0.00,0.00,98.99,-143189.33
334,453163.96,49633197.40,212.39614781,3751.41,2545.81,278252.32,0.00,0.00,139.11,445938.19,92.90,0.00,0.00,0.00,0.00,0.00,98.15,-141372.49
335,445938.19,49244214.03,210.71046772,3669.06,2505.90,276013.05,0.00,0.00,137.20,438851.18,91.43,0.00,0.00,0.00,0.00,0.00,97.32,-139585.71
336,438851.18,48859854.84,209.04517378,3574.53,2458.05,273797.27,3283.33,0.00,135.32,428643.08,89.30,0.00,0.00,0.00,0.00,0.00,137.12,-137581.35
337,428643.08,48480045.43,207.15127893,4039.39,2445.78,271666.21,0.00,0.00,6037.43,427131.26,88.99,0.00,0.00,0.00,0.00,0.00,88.94,-136142.27
338,427131.26,48046375.35,205.28298336,3946.50,2372.78,269172.17,0.00,0.00,130.35,419897.87,87.48,0.00,0.00,0.00,0.00,0.00,89.37,-134137.51
339,419897.87,47618393.15,203.43839832,3856.03,2393.34,266711.28,0.00,0.00,128.42,412751.67,85.99,0.00,0.00,0.00,0.00,0.00,89.50,-132177.14
340,412751.67,47195868.94,201.61804037,3767.68,2353.17,264282.89,0.00,0.00,126.53,405750.97,84.53,0.00,0.00,0.00,0.00,0.00,88.64,-130249.61
341,405750.97,46778795.58,199.82148966,3681.70,2313.82,261886.53,0.00,0.00,124.68,398892.20,83.10,0.00,0.00,0.00,0.00,0.00,87.79,-128357.84
342,398892.20,46367080.59,198.04833539,3598.01,2275.26,259521.64,0.00,0.00,122.86,392171.89,81.70,0.00,0.00,0.00,0.00,0.00,86.96,-126501.03
343,392171.89,45960633.46,196.29817555,3516.54,2237.49,257187.68,0.00,0.00,121.07,385586.69,80.33,0.00,0.00,0.00,0.00,0.00,86.15,-124678.38
344,385586.69,45559365.56,194.57061674,3437.23,2200.47,254884.12,0.00,0.00,119.31,379133.32,78.99,0.00,0.00,0.00,0.00,0.00,85.35,-122889.13
345,379133.32,45163190.13,192.86527392,3360.02,2164.19,252610.45,0.00,0.00,117.58,372808.60,77.67,0.00,0.00,0.00,0.00,0.00,84.56,-121132.54
346,372808.60,44772022.18,191.18177022,3284.82,2128.63,250366.15,0.00,0.00,115.89,366609.45,76.38,0.00,0.00,0.00,0.00,0.00,83.79,-119407.88
347,366609.45,44385778.51,189.51973670,3211.60,2093.78,248150.74,0.00,0.00,114.22,360532.88,75.11,0.00,0.00,0.00,0.00,0.00,83.04,-117714.43
348,360532.88,44004377.62,187.87881220,3127.77,2052.29,245960.54,2673.19,0.00,112.58,351925.79,73.32,0.00,0.00,0.00,0.00,0.00,115.09,-115872.60
349,351925.79,43627739.69,186.07292384,3451.48,2040.82,243847.79,0.00,0.00,4935.32,350471.52,73.01,0.00,0.00,0.00,0.00,0.00,74.98,-114447.36
350,350471.52,43212908.98,184.29222569,3371.03,1979.29,241470.41,0.00,0.00,108.33,344349.25,71.74,0.00,0.00,0.00,0.00,0.00,75.31,-112643.73
351,344349.25,42803709.62,182.53506446,3292.71,1994.69,239125.81,0.00,0.00,106.67,338304.90,70.48,0.00,0.00,0.00,0.00,0.00,75.36,-110880.35
352,338304.90,42399934.76,180.80179479,3216.25,1960.12,236813.35,0.00,0.00,105.05,332386.30,69.25,0.00,0.00,0.00,0.00,0.00,74.60,-109148.82
353,332386.30,42001559.22,179.09199152,3141.86,1926.27,234532.53,0.00,0.00,103.46,326590.33,68.04,0.00,0.00,0.00,0.00,0.00,73.85,-107450.89
354,326590.33,41608488.80,177.40523881,3069.49,1893.12,232282.78,0.00,0.00,101.90,320913.94,66.86,0.00,0.00,0.00,0.00,0.00,73.12,-105785.80
355,320913.94,41220631.31,175.74112996,2999.05,1860.65,230063.55,0.00,0.00,100.36,315354.19,65.70,0.00,0.00,0.00,0.00,0.00,72.40,-104152.77
356,315354.19,40837896.56,174.09926709,2930.51,1828.85,227874.31,0.00,0.00,98.86,309908.21,64.56,0.00,0.00,0.00,0.00,0.00,71.69,-102551.06
357,309908.21,40460196.26,172.47926100,2863.79,1797.70,225714.53,0.00,0.00,97.38,304573.21,63.45,0.00,0.00,0.00,0.00,0.00,71.00,-100979.95
358,304573.21,40087444.03,170.88073087,2798.85,1767.19,223583.69,0.00,0.00,95.93,299346.50,62.36,0.00,0.00,0.00,0.00,0.00,70.32,-99438.74
359,299346.50,39719555.28,169.30330409,2735.62,1737.29,221481.29,0.00,0.00,94.50,294225.44,61.30,0.00,0.00,0.00,0.00,0.00,69.65,-97926.75
360,294225.44,39356447.24,167.74661606,2663.45,1701.90,219404.17,2162.15,0.00,93.10,287064.72,59.81,0.00,0.00,0.00,0.00,0.00,95.30,-96314.80
